Level of C,Name,Description,Authors' Suggestion (closest dcm node),chosen dcm node,chosen node support,chosen node demandingness,prior alpha,prior beta
1 – Behavioural,Consciousness Turing Test (CTT),A behavioural test for conscious behaviour under a behavioural black-box view. It does not infer inner experience from outer signs; behaviour itself is the criterion.,NA,(default fallback),,,0.73,0.1
1 – Behavioural,Standard Turing-style imitation CTT,A version of the CTT in which judges do not know whether the participant is human or AI.,NA,(default fallback),,,0.73,0.1
1 – Behavioural,Garland-style transparent CTT,A stronger version of the CTT in which judges know the system is an AI and assess whether they still infer conscious behaviour.,NA,(default fallback),,,0.73,0.1
1 – Behavioural,Coherence across contexts and time,"The system’s responses remain coherent across varied conditions and over time, suggesting a persistent perspective.",Coherence; Perceptual Perspective; Point-of-View; Perceptual Perspective; Coherent Narrative; Single Moving Perspective,Coherent Narrative,strong support,moderately demanding,0.91,0.1
1 – Behavioural,Appropriate scaling of responses,The system’s responses scale appropriately with the significance of events.,NA,(default fallback),,,0.73,0.1
1 – Behavioural,Resistance to overriding reported internal states,The system does not simply alter reported internal states on command when doing so would break behavioural coherence.,System Change Preferences,System Change Preferences,moderate support,weakly undemanding,0.91,0.7
1 – Behavioural,Unprompted spontaneous behaviour,The system exhibits spontaneous behaviour suggestive of intrinsic motivation.,"None matching, but implied by Agency",Agency,moderate support,strongly undemanding,0.985,0.95
1 – Behavioural,Coupling between reported states and subsequent behaviour,"Reported internal states are functionally integrated into later behaviour; for example, if the system reports confusion, subsequent behaviour should show signs such as asking clarifying questions, slowing down, hedging, or making more errors.",Not exact match: Coupling,Coupling,moderate support,weakly undemanding,0.91,0.7
1 – Behavioural,Quasi-subjecthood,"The system is behaviourally interpretable as having beliefs, desires, and perhaps experiences, even if this does not settle whether those quasi-beliefs or quasi-experiences are genuine.",NA,(default fallback),,,0.73,0.1
2 – Computational functional,Information integration,Widespread information sharing; high mutual information between subpartitions; the system becomes a globally interdependent object both cross-sectionally and temporally. The whole must be informationally 'more than the sum of its parts'.,Informational Complexity; Integration,Integration,strong support,moderately demanding,0.91,0.1
2 – Computational functional,Recursivity,Widespread recursive informational flows; feedback reentrant loops; algorithmic recurrence.,Reccurence; Back Connections,Back Connections,moderate support,moderately demanding,0.73,0.1
2 – Computational functional,World model,An internal causal representation of the external environment with a smooth representational space and meta-representations.,World Modelling; Model Isomorphism,Model Isomorphism,strong support,weakly demanding,0.93,0.3
2 – Computational functional,Self model,"A representation of being a distinct unified entity that owns its parts, directs attention, and persists through time, which is created by the system to track and predict the world.",Self-Modeling; Self-Representation; Self-Awareness,Self-Modeling,strong support,strongly demanding,0.905,0.05
2 – Computational functional,Attentional competition and meta-attention,"Informational contents, 'ideas', representations etc are amplified or attenuated through recurrent processing with higher order relevance influencing the amplification; effectively forming a routing bottleneck for global availability of information. Meta-attention and attention modelling reinfluences attention.",Attention-Constrained Architecture; Capability Attention Modulation; Informational Bottleneck; Selective Attention,Selective Attention,strong support,moderately demanding,0.91,0.1
2 – Computational functional,Meta-cognition,"Higher-order processes that monitor, model and understand, and control lower level processes; e.g. meta-cognitive knowledge, including meta-representations, and meta-cognitive regulation, including executive control. Introspectivity.",Metacognition; Internal State Tracking; Attentional Schema,Metacognition,strong support,weakly demanding,0.93,0.3
2 – Computational functional,Meta-modelling,"The system has a model of itself, algorithmic recurrence, self-modelling, hyper-modelling.","Nothing similar, maybe just Representationality (or sum of Self-modelling, Reccurence etc)",Self-modelling,strong support,strongly demanding,0.905,0.05
3 – Intrinsic causal-structure functional,Information integration,"Genuine physical causal integration: physical components reciprocally constrain each other, creating a causally integrated whole.","None matching, maybe close to Integration",Integration,strong support,moderately demanding,0.91,0.1
3 – Intrinsic causal-structure functional,Recursivity,"Genuine physical causal reentrance: simultaneous reciprocal causal influence between physical components, not merely sequential feedback.",Physical Reccurence,Physical Reccurence,moderate support,weakly undemanding,0.91,0.7
3 – Intrinsic causal-structure functional,World model,"Causally constitutive world model: the system's physical organisation itself constitutes a model of the environment, not merely stores one.",Model Isomorphism; Isomorphic Representations,Model Isomorphism,strong support,weakly demanding,0.93,0.3
3 – Intrinsic causal-structure functional,Self model,Causally embedded self-model: physical components whose causal role is to track and constrain the causal dynamics of the rest of the system.,"Self-Modeling; Self-Representation; Self-Awareness (but note, not causal in DCM)",Self-Modeling,strong support,strongly demanding,0.905,0.05
3 – Intrinsic causal-structure functional,Attentional competition and meta-attention,"Genuine causal competition: different physical components compete for influence over the system's global state through intrinsic causal dynamics, with outcome emerging from interaction not from a selection algorithm.","None, but close to Informational Bottleneck; Attention-Constrained Architecture",Informational Bottleneck,strong support,moderately demanding,0.91,0.1
3 – Intrinsic causal-structure functional,Metacognition,"Causally integrated metacognition: monitoring and processing are simultaneous, reciprocally constraining aspects of the same causal dynamics, not sequential sampling and evaluation.",NA,(default fallback),,,0.73,0.1
3 – Intrinsic causal-structure functional,Meta-modelling,Causally constitutive meta-modelling: the system's physical organisation includes components that model the system's own causal organisation as an intrinsic feature of its dynamics.,NA,(default fallback),,,0.73,0.1
4 – Organismic functional,Existential Precariousness,"The system would need to have a continued existence that is not guaranteed, that requires active work to maintain. Its processing would need to be oriented toward maintaining its own viability, and this orientation would need to be an intrinsic feature of the system's organisation rather than a programmed goal; the system maintains itself because its architecture is such that self-maintenance is what the system does.",None exact but similar to Persistence Seeking,Persistence Seeking,weak support,weakly undemanding,0.85,0.7
4 – Organismic functional,Homeostatic or allostatic regulation,"The system would need to continuously monitor and adjust its own internal parameters to keep them within viable ranges, and these regulatory processes would need to be causally integrated with the system's information processing.",Maintains Homeostasis,Maintains Homeostasis,moderate support,weakly demanding,0.79,0.3
4 – Organismic functional,Interoceptive inference,"The system would need to generate internal perceptions of its own regulatory state, and these internal perceptions would need to have the character of predictions or inferences about the system's own condition.",Internal State Tracking; Attentional Schema; Internal Body Feedback; External Body Feedback,Internal State Tracking,moderate support,neutral,0.85,0.5
4 – Organismic functional,Valenced affect,"The system's interoceptive inferences would need to have an inherent motivational character, a felt quality of better or worse that is grounded in the system's relationship to its own viability.",Valenced Cognitive Architecture,Valenced Cognitive Architecture,strong support,strongly demanding,0.905,0.05
4 – Organismic functional,Embodied agency,The system would need to act in the world in ways that are driven by its interoceptive states and oriented toward maintaining its viability. It would need to be not merely an information processor but an agent whose actions are motivated by its felt relationship to its own condition.,Embodied Agency,(default fallback),,,0.73,0.1
4 – Organismic functional,Physical state-sensing,"The system would need to have components whose physical state changes in real time in response to changes in the system's overall condition, in a way that is causally efficacious for the system's subsequent processing, comparable to ionic gradients across cell membranes.",Nociceptors; Sensory Control; Perceptual Inputs,Nociceptors,strong support,weakly demanding,0.93,0.3
5 – Organism-environment (4E) functional,Sensorimotor coupling,"The system would need to be embedded in an environment through sensory and motor channels that are continuously and bidirectionally linked, such that the system's actions systematically change its sensory input and its sensory input systematically guides its actions.",Reafferance; Coupling,Reafferance,moderate support,weakly undemanding,0.91,0.7
5 – Organism-environment (4E) functional,Mastery of sensorimotor contingencies,The system would need to have not merely been subject to structured sensorimotor contingencies but to have learned the structure of those contingencies and to use this knowledge in its ongoing interaction with the environment.,Contingency Learning; Causal Distinction,Contingency Learning,strong support,moderately demanding,0.91,0.1
5 – Organism-environment (4E) functional,Affordance responsiveness,The system would need to perceive its environment not merely as a collection of objects with properties but as a field of possibilities for action — affordances. These affordances are relational properties that depend on both the environment and the organism's embodiment.,Affordance Recognition,Affordance Recognition,moderate support,moderately undemanding,0.97,0.9
5 – Organism-environment (4E) functional,Stable embodied perspective,"The system would need to have a coherent, continuous viewpoint on the world that is anchored in its body and that provides a stable spatial and temporal framework for its experience – a here, a now, a facing-this-way, from which the world is organised.",Point-of-View; Perceptual Perspective; Single Moving Perspective,Perceptual Perspective,strong support,strongly demanding,0.905,0.05
5 – Organism-environment (4E) functional,Environmental embedding and constraint,"The system would need to be subject to the constraints of its environment in a way that shapes its processing and behaviour — subject to physical forces, to the passage of time, to the limitations of its own body, to the resistance and unpredictability of the physical world.",Affordance Recognition,Affordance Recognition,moderate support,moderately undemanding,0.97,0.9
5 – Organism-environment (4E) functional,Enactive autonomy,"The system would need to be not merely responsive to its environment but actively generating and maintaining its own patterns of sensorimotor engagement. In biological organisms, this is deeply tied to autopoiesis — the self-production of the organism's own organisation.",Self-Sustained Activity; Agency,Self-Sustained Activity,moderate support,weakly undemanding,0.91,0.7
5 – Organism-environment (4E) functional,Social and intersubjective coupling,"The system would need to be capable of structured interaction not just with the physical environment but with other agents, in a way that generates intersubjective sensorimotor contingencies.",Social Cognition; Self-Other Distinction,Social Cognition,strong support,strongly demanding,0.905,0.05
5 – Organism-environment (4E) functional,Developmental history,"The system would need to have a history of structured interaction with its environment that has shaped its current capacities, through a genuine developmental trajectory in which the system's coupling with its environment has co-evolved over time.",Subject to Genetic Drift; Subject to Exaptation; Subject to Natural Selection; Shares Percentage of Genes,Subject to Exaptation,moderate support,weakly undemanding,0.91,0.7
